-- phpMyAdmin SQL Dump
-- version 5.2.1
-- https://www.phpmyadmin.net/
--
-- Host: 127.0.0.1
-- Generation Time: Apr 27, 2026 at 06:27 PM
-- Server version: 10.4.32-MariaDB
-- PHP Version: 8.2.12

SET SQL_MODE = "NO_AUTO_VALUE_ON_ZERO";
START TRANSACTION;
SET time_zone = "+00:00";


/*!40101 SET @OLD_CHARACTER_SET_CLIENT=@@CHARACTER_SET_CLIENT */;
/*!40101 SET @OLD_CHARACTER_SET_RESULTS=@@CHARACTER_SET_RESULTS */;
/*!40101 SET @OLD_COLLATION_CONNECTION=@@COLLATION_CONNECTION */;
/*!40101 SET NAMES utf8mb4 */;

--
-- Database: `dbkeyregistrationlog`
--
CREATE DATABASE IF NOT EXISTS `dbkeyregistrationlog` DEFAULT CHARACTER SET utf8mb4 COLLATE utf8mb4_general_ci;
USE `dbkeyregistrationlog`;

-- --------------------------------------------------------

--
-- Table structure for table `tbladmin`
--

CREATE TABLE `tbladmin` (
  `AdminID` varchar(45) NOT NULL,
  `Password` varchar(45) NOT NULL
) ENGINE=InnoDB DEFAULT CHARSET=utf8mb4 COLLATE=utf8mb4_general_ci;

--
-- Dumping data for table `tbladmin`
--

INSERT INTO `tbladmin` (`AdminID`, `Password`) VALUES
('AlexelleEncinares123', 'alexelle123'),
('DarrelCenir123', 'darrel123'),
('JeanneArada123', 'jeanne123');

-- --------------------------------------------------------

--
-- Table structure for table `tblborrowerlog`
--

CREATE TABLE `tblborrowerlog` (
  `UID` int(11) NOT NULL,
  `FullName` varchar(100) NOT NULL,
  `StudentNo` varchar(45) NOT NULL,
  `Block` varchar(45) NOT NULL,
  `Email` varchar(100) NOT NULL,
  `RoomID` varchar(45) NOT NULL,
  `Purpose` varchar(45) NOT NULL,
  `Date` date NOT NULL,
  `Time` time NOT NULL,
  `DoorStatus` varchar(45) NOT NULL
) ENGINE=InnoDB DEFAULT CHARSET=utf8mb4 COLLATE=utf8mb4_general_ci;

--
-- Dumping data for table `tblborrowerlog`
--

INSERT INTO `tblborrowerlog` (`UID`, `FullName`, `StudentNo`, `Block`, `Email`, `RoomID`, `Purpose`, `Date`, `Time`, `DoorStatus`) VALUES
(1, 'Rowena Jhen T Albis', 'M2024-99019', 'III-E', 'rowena@gmail.com', 'NCB3', 'Borrowing', '2026-03-02', '09:06:00', 'Open'),
(2, 'Carl V Alvarez', 'M2024-10823', 'I-B', 'carl@gmail.com', 'Math Lab', 'Borrowing', '2026-03-02', '09:08:00', 'Open'),
(3, 'John Karl M Anore', 'M2024-10967', 'II-D', 'john@gmail.com', '208', 'Borrowing', '2026-03-02', '09:10:00', 'Open'),
(4, 'Jeanne Pauline O Arada', 'M2024-64583', 'III-B', 'jeanne@gmail.com', '210', 'Borrowing', '2026-03-02', '09:12:00', 'Open'),
(5, 'John Wayne Andrei P Asi', 'M2024-15152', 'II-E', 'john@gmail.com', 'Math Lab', 'Borrowing', '2026-03-02', '09:14:00', 'Open'),
(6, 'Peter Paul S Basallote', 'M2024-84849', 'III-E', 'peter@gmail.com', 'ITC-B', 'Borrowing', '2026-03-02', '09:16:00', 'Open'),
(7, 'Rowena Jhen T Albis', 'M2024-99019', 'III-E', 'rowena@gmail.com', 'NCB3', 'Returning', '2026-03-02', '09:20:00', 'Locked'),
(8, 'Carl V Alvarez', 'M2024-10823', 'I-B', 'carl@gmail.com', 'Math Lab', 'Returning', '2026-03-02', '09:22:00', 'Locked'),
(9, 'John Karl M Anore', 'M2024-10967', 'II-D', 'john@gmail.com', '208', 'Returning', '2026-03-02', '09:24:00', 'Locked'),
(10, 'Jeanne Pauline O Arada', 'M2024-64583', 'III-B', 'jeanne@gmail.com', '210', 'Returning', '2026-03-02', '09:26:00', 'Locked'),
(11, 'John Wayne Andrei P Asi', 'M2024-15152', 'II-E', 'john@gmail.com', 'Math Lab', 'Returning', '2026-03-02', '09:28:00', 'Locked'),
(12, 'Peter Paul S Basallote', 'M2024-84849', 'III-E', 'peter@gmail.com', 'ITC-B', 'Returning', '2026-03-02', '09:30:00', 'Locked'),
(13, 'Juztine Coltrane V Bernardo', 'M2024-11736', 'II-E', 'juztine@gmail.com', '208', 'Borrowing', '2026-03-03', '13:24:00', 'Open'),
(14, 'Ram Laurenz Dc Buban', 'M2024-47765', 'I-E', 'ram@gmail.com', '218', 'Borrowing', '2026-03-03', '13:26:00', 'Open'),
(15, 'Domm Simri R Buenviaje', 'M2024-69860', 'I-A', 'domm@gmail.com', '218', 'Borrowing', '2026-03-03', '13:28:00', 'Open'),
(16, 'Delmar M Buhawe', 'M2024-63066', 'III-C', 'delmar@gmail.com', 'AVR', 'Borrowing', '2026-03-03', '13:30:00', 'Open'),
(17, 'Nash Gabriel C Calderon', 'M2024-29446', 'III-D', 'nash@gmail.com', '209', 'Borrowing', '2026-03-03', '13:32:00', 'Open'),
(18, 'Prince Charles B Calingog', 'M2024-59342', 'IV-B', 'prince@gmail.com', 'NCB6', 'Borrowing', '2026-03-03', '13:34:00', 'Open'),
(19, 'Juztine Coltrane V Bernardo', 'M2024-11736', 'II-E', 'juztine@gmail.com', '208', 'Returning', '2026-03-03', '13:38:00', 'Locked'),
(20, 'Ram Laurenz Dc Buban', 'M2024-47765', 'I-E', 'ram@gmail.com', '218', 'Returning', '2026-03-03', '13:40:00', 'Locked'),
(21, 'Domm Simri R Buenviaje', 'M2024-69860', 'I-A', 'domm@gmail.com', '218', 'Returning', '2026-03-03', '13:42:00', 'Locked'),
(22, 'Delmar M Buhawe', 'M2024-63066', 'III-C', 'delmar@gmail.com', 'AVR', 'Returning', '2026-03-03', '13:44:00', 'Locked'),
(23, 'Nash Gabriel C Calderon', 'M2024-29446', 'III-D', 'nash@gmail.com', '209', 'Returning', '2026-03-03', '13:46:00', 'Locked'),
(24, 'Prince Charles B Calingog', 'M2024-59342', 'IV-B', 'prince@gmail.com', 'NCB6', 'Returning', '2026-03-03', '13:48:00', 'Locked'),
(25, 'Mizpah Kryzel U Catalino', 'M2024-10487', 'II-C', 'mizpah@gmail.com', 'NCB2', 'Borrowing', '2026-03-04', '11:46:00', 'Open'),
(26, 'Zaira Mae G Catanan', 'M2024-40368', 'IV-B', 'zaira@gmail.com', 'NCB4', 'Borrowing', '2026-03-04', '11:48:00', 'Open'),
(27, 'Darrel Christian N Ceñir', 'M2024-90133', 'IV-C', 'darrel@gmail.com', '210', 'Borrowing', '2026-03-04', '11:50:00', 'Open'),
(28, 'Francis Wilbert B Cruz', 'M2024-83682', 'IV-E', 'francis@gmail.com', 'ITC-B', 'Borrowing', '2026-03-04', '11:52:00', 'Open'),
(29, 'Crystalyn Joy S Cuaderno', 'M2024-01467', 'III-A', 'crystalyn@gmail.com', 'NCB1', 'Borrowing', '2026-03-04', '11:54:00', 'Open'),
(30, 'Kc A De Leon', 'M2024-91794', 'I-D', 'kc@gmail.com', 'Math Lab', 'Borrowing', '2026-03-04', '11:56:00', 'Open'),
(31, 'Mizpah Kryzel U Catalino', 'M2024-10487', 'II-C', 'mizpah@gmail.com', 'NCB2', 'Returning', '2026-03-04', '12:00:00', 'Locked'),
(32, 'Zaira Mae G Catanan', 'M2024-40368', 'IV-B', 'zaira@gmail.com', 'NCB4', 'Returning', '2026-03-04', '12:02:00', 'Locked'),
(33, 'Darrel Christian N Ceñir', 'M2024-90133', 'IV-C', 'darrel@gmail.com', '210', 'Returning', '2026-03-04', '12:04:00', 'Locked'),
(34, 'Francis Wilbert B Cruz', 'M2024-83682', 'IV-E', 'francis@gmail.com', 'ITC-B', 'Returning', '2026-03-04', '12:06:00', 'Locked'),
(35, 'Crystalyn Joy S Cuaderno', 'M2024-01467', 'III-A', 'crystalyn@gmail.com', 'NCB1', 'Returning', '2026-03-04', '12:08:00', 'Locked'),
(36, 'Kc A De Leon', 'M2024-91794', 'I-D', 'kc@gmail.com', 'Math Lab', 'Returning', '2026-03-04', '12:10:00', 'Locked'),
(37, 'Mharx A De Luna', 'M2024-88926', 'II-D', 'mharx@gmail.com', '208', 'Borrowing', '2026-03-05', '12:28:00', 'Open'),
(38, 'Billy Jr T De Ocampo', 'M2024-82880', 'II-C', 'billy@gmail.com', 'Smart Classroom', 'Borrowing', '2026-03-05', '12:30:00', 'Open'),
(39, 'Jewel T De Ungria', 'M2024-45293', 'II-B', 'jewel@gmail.com', 'NCB4', 'Borrowing', '2026-03-05', '12:32:00', 'Open'),
(40, 'Vien Francois I Dela Cruz', 'M2024-00655', 'I-B', 'vien@gmail.com', '210', 'Borrowing', '2026-03-05', '12:34:00', 'Open'),
(41, 'Ronald Jr B Domagco', 'M2024-34766', 'IV-B', 'ronald@gmail.com', 'NCB2', 'Borrowing', '2026-03-05', '12:36:00', 'Open'),
(42, 'Mharx A De Luna', 'M2024-88926', 'II-D', 'mharx@gmail.com', '208', 'Returning', '2026-03-05', '12:40:00', 'Locked'),
(43, 'Billy Jr T De Ocampo', 'M2024-82880', 'II-C', 'billy@gmail.com', 'Smart Classroom', 'Returning', '2026-03-05', '12:42:00', 'Locked'),
(44, 'Jewel T De Ungria', 'M2024-45293', 'II-B', 'jewel@gmail.com', 'NCB4', 'Returning', '2026-03-05', '12:44:00', 'Locked'),
(45, 'Vien Francois I Dela Cruz', 'M2024-00655', 'I-B', 'vien@gmail.com', '210', 'Returning', '2026-03-05', '12:46:00', 'Locked'),
(46, 'Ronald Jr B Domagco', 'M2024-34766', 'IV-B', 'ronald@gmail.com', 'NCB2', 'Returning', '2026-03-05', '12:48:00', 'Locked'),
(47, 'James Benidict P Dominguez', 'M2024-10734', 'II-D', 'james@gmail.com', '209', 'Borrowing', '2026-03-06', '17:49:00', 'Open'),
(48, 'Joshua M Elago', 'M2024-61410', 'II-D', 'joshua@gmail.com', 'NCB6', 'Borrowing', '2026-03-06', '17:51:00', 'Open'),
(49, 'Alexelle G Encinares', 'M2024-42249', 'IV-C', 'alexelle@gmail.com', 'NCB4', 'Borrowing', '2026-03-06', '17:53:00', 'Open'),
(50, 'Romulo Jr Erroba', 'M2024-30881', 'IV-D', 'romulo@gmail.com', 'Math Lab', 'Borrowing', '2026-03-06', '17:55:00', 'Open'),
(51, 'Evol S Esmade', 'M2024-90577', 'III-C', 'evol@gmail.com', 'NCB4', 'Borrowing', '2026-03-06', '17:57:00', 'Open'),
(52, 'Gian Basty O Garcia', 'M2024-87982', 'III-C', 'gian@gmail.com', 'NCB2', 'Borrowing', '2026-03-06', '17:59:00', 'Open'),
(53, 'James Benidict P Dominguez', 'M2024-10734', 'II-D', 'james@gmail.com', '209', 'Returning', '2026-03-06', '18:03:00', 'Locked'),
(54, 'Joshua M Elago', 'M2024-61410', 'II-D', 'joshua@gmail.com', 'NCB6', 'Returning', '2026-03-06', '18:05:00', 'Locked'),
(55, 'Alexelle G Encinares', 'M2024-42249', 'IV-C', 'alexelle@gmail.com', 'NCB4', 'Returning', '2026-03-06', '18:07:00', 'Locked'),
(56, 'Romulo Jr Erroba', 'M2024-30881', 'IV-D', 'romulo@gmail.com', 'Math Lab', 'Returning', '2026-03-06', '18:09:00', 'Locked'),
(57, 'Evol S Esmade', 'M2024-90577', 'III-C', 'evol@gmail.com', 'NCB4', 'Returning', '2026-03-06', '18:11:00', 'Locked'),
(58, 'Gian Basty O Garcia', 'M2024-87982', 'III-C', 'gian@gmail.com', 'NCB2', 'Returning', '2026-03-06', '18:13:00', 'Locked'),
(59, 'Joseph C Gobres', 'M2024-76097', 'I-A', 'joseph@gmail.com', 'GMD', 'Borrowing', '2026-03-09', '17:28:00', 'Open'),
(60, 'Paul Justine S Jamero', 'M2024-22247', 'I-E', 'paul@gmail.com', '218', 'Borrowing', '2026-03-09', '17:30:00', 'Open'),
(61, 'Jush M Laman', 'M2024-11125', 'II-A', 'jush@gmail.com', 'NCB4', 'Borrowing', '2026-03-09', '17:32:00', 'Open'),
(62, 'Brent Jared B Lituañas', 'M2024-12602', 'I-D', 'brent@gmail.com', 'GMD', 'Borrowing', '2026-03-09', '17:34:00', 'Open'),
(63, 'Christian Carl V Lituañas', 'M2024-91553', 'II-C', 'christian@gmail.com', 'Smart Classroom', 'Borrowing', '2026-03-09', '17:36:00', 'Open'),
(64, 'Ma Clarisse I Lumbang', 'M2024-70157', 'II-D', 'ma@gmail.com', 'AVR', 'Borrowing', '2026-03-09', '17:38:00', 'Open'),
(65, 'Joseph C Gobres', 'M2024-76097', 'I-A', 'joseph@gmail.com', 'GMD', 'Returning', '2026-03-09', '17:42:00', 'Locked'),
(66, 'Paul Justine S Jamero', 'M2024-22247', 'I-E', 'paul@gmail.com', '218', 'Returning', '2026-03-09', '17:44:00', 'Locked'),
(67, 'Jush M Laman', 'M2024-11125', 'II-A', 'jush@gmail.com', 'NCB4', 'Returning', '2026-03-09', '17:46:00', 'Locked'),
(68, 'Brent Jared B Lituañas', 'M2024-12602', 'I-D', 'brent@gmail.com', 'GMD', 'Returning', '2026-03-09', '17:48:00', 'Locked'),
(69, 'Christian Carl V Lituañas', 'M2024-91553', 'II-C', 'christian@gmail.com', 'Smart Classroom', 'Returning', '2026-03-09', '17:50:00', 'Locked'),
(70, 'Ma Clarisse I Lumbang', 'M2024-70157', 'II-D', 'ma@gmail.com', 'AVR', 'Returning', '2026-03-09', '17:52:00', 'Locked'),
(71, 'Ryza Mae B Marino', 'M2024-05912', 'I-A', 'ryza@gmail.com', 'ITC-B', 'Borrowing', '2026-03-10', '11:53:00', 'Open'),
(72, 'Steven P Matamis', 'M2024-89947', 'IV-A', 'steven@gmail.com', 'NCB3', 'Borrowing', '2026-03-10', '11:55:00', 'Open'),
(73, 'Paul Andrei G Mendiola', 'M2024-56367', 'IV-D', 'paul@gmail.com', 'Smart Classroom', 'Borrowing', '2026-03-10', '11:57:00', 'Open'),
(74, 'Gilbert R Millado', 'M2024-12573', 'I-A', 'gilbert@gmail.com', '207', 'Borrowing', '2026-03-10', '11:59:00', 'Open'),
(75, 'Harley T Pacol', 'M2024-38619', 'IV-C', 'harley@gmail.com', '209', 'Borrowing', '2026-03-10', '12:01:00', 'Open'),
(76, 'Jeffrey D Papa', 'M2024-91015', 'III-E', 'jeffrey@gmail.com', 'GMD', 'Borrowing', '2026-03-10', '12:03:00', 'Open'),
(77, 'Ryza Mae B Marino', 'M2024-05912', 'I-A', 'ryza@gmail.com', 'ITC-B', 'Returning', '2026-03-10', '12:07:00', 'Locked'),
(78, 'Steven P Matamis', 'M2024-89947', 'IV-A', 'steven@gmail.com', 'NCB3', 'Returning', '2026-03-10', '12:09:00', 'Locked'),
(79, 'Paul Andrei G Mendiola', 'M2024-56367', 'IV-D', 'paul@gmail.com', 'Smart Classroom', 'Returning', '2026-03-10', '12:11:00', 'Locked'),
(80, 'Gilbert R Millado', 'M2024-12573', 'I-A', 'gilbert@gmail.com', '207', 'Returning', '2026-03-10', '12:13:00', 'Locked'),
(81, 'Harley T Pacol', 'M2024-38619', 'IV-C', 'harley@gmail.com', '209', 'Returning', '2026-03-10', '12:15:00', 'Locked'),
(82, 'Jeffrey D Papa', 'M2024-91015', 'III-E', 'jeffrey@gmail.com', 'GMD', 'Returning', '2026-03-10', '12:17:00', 'Locked'),
(83, 'James Xyrus I Sagun', 'M2024-82324', 'I-A', 'james@gmail.com', 'NCB4', 'Borrowing', '2026-03-11', '09:03:00', 'Open'),
(84, 'Alain Conrad C Salandanan', 'M2024-88301', 'I-A', 'alain@gmail.com', 'NCB2', 'Borrowing', '2026-03-11', '09:05:00', 'Open'),
(85, 'Kimee Miles D San Jose', 'M2024-96042', 'II-A', 'kimee@gmail.com', '209', 'Borrowing', '2026-03-11', '09:07:00', 'Open'),
(86, 'Trixie Mae B Señoron', 'M2024-50558', 'II-D', 'trixie@gmail.com', 'NCB1', 'Borrowing', '2026-03-11', '09:09:00', 'Open'),
(87, 'Gillian G Serapion', 'M2024-25818', 'IV-C', 'gillian@gmail.com', '208', 'Borrowing', '2026-03-11', '09:11:00', 'Open'),
(88, 'Jemimah M Sioson', 'M2024-82225', 'II-B', 'jemimah@gmail.com', 'Math Lab', 'Borrowing', '2026-03-11', '09:13:00', 'Open'),
(89, 'James Xyrus I Sagun', 'M2024-82324', 'I-A', 'james@gmail.com', 'NCB4', 'Returning', '2026-03-11', '09:17:00', 'Locked'),
(90, 'Alain Conrad C Salandanan', 'M2024-88301', 'I-A', 'alain@gmail.com', 'NCB2', 'Returning', '2026-03-11', '09:19:00', 'Locked'),
(91, 'Kimee Miles D San Jose', 'M2024-96042', 'II-A', 'kimee@gmail.com', '209', 'Returning', '2026-03-11', '09:21:00', 'Locked'),
(92, 'Trixie Mae B Señoron', 'M2024-50558', 'II-D', 'trixie@gmail.com', 'NCB1', 'Returning', '2026-03-11', '09:23:00', 'Locked'),
(93, 'Gillian G Serapion', 'M2024-25818', 'IV-C', 'gillian@gmail.com', '208', 'Returning', '2026-03-11', '09:25:00', 'Locked'),
(94, 'Jemimah M Sioson', 'M2024-82225', 'II-B', 'jemimah@gmail.com', 'Math Lab', 'Returning', '2026-03-11', '09:27:00', 'Locked'),
(95, 'Kiel Adrian T Sotto', 'M2024-83169', 'III-A', 'kiel@gmail.com', '207', 'Borrowing', '2026-03-12', '16:28:00', 'Open'),
(96, 'Christine Mae G Tabirara', 'M2024-19599', 'III-E', 'christine@gmail.com', '218', 'Borrowing', '2026-03-12', '16:30:00', 'Open'),
(97, 'Yesha Ashley R Tena', 'M2024-24982', 'II-B', 'yesha@gmail.com', 'NCB2', 'Borrowing', '2026-03-12', '16:32:00', 'Open'),
(98, 'Biensen C Valencia', 'M2024-64329', 'III-A', 'biensen@gmail.com', 'AVR', 'Borrowing', '2026-03-12', '16:34:00', 'Open'),
(99, 'Naruto Uzumaki', 'M2024-61601', 'II-D', 'naruto@gmail.com', '208', 'Borrowing', '2026-03-12', '16:36:00', 'Open'),
(100, 'Sasuke Uchiha', 'M2024-11046', 'I-A', 'sasuke@gmail.com', 'NCB6', 'Borrowing', '2026-03-12', '16:38:00', 'Open'),
(101, 'Kiel Adrian T Sotto', 'M2024-83169', 'III-A', 'kiel@gmail.com', '207', 'Returning', '2026-03-12', '16:42:00', 'Locked'),
(102, 'Christine Mae G Tabirara', 'M2024-19599', 'III-E', 'christine@gmail.com', '218', 'Returning', '2026-03-12', '16:44:00', 'Locked'),
(103, 'Yesha Ashley R Tena', 'M2024-24982', 'II-B', 'yesha@gmail.com', 'NCB2', 'Returning', '2026-03-12', '16:46:00', 'Locked'),
(104, 'Biensen C Valencia', 'M2024-64329', 'III-A', 'biensen@gmail.com', 'AVR', 'Returning', '2026-03-12', '16:48:00', 'Locked'),
(105, 'Naruto Uzumaki', 'M2024-61601', 'II-D', 'naruto@gmail.com', '208', 'Returning', '2026-03-12', '16:50:00', 'Locked'),
(106, 'Sasuke Uchiha', 'M2024-11046', 'I-A', 'sasuke@gmail.com', 'NCB6', 'Returning', '2026-03-12', '16:52:00', 'Locked'),
(107, 'Sakura Haruno', 'M2024-22562', 'IV-D', 'sakura@gmail.com', 'NCB4', 'Borrowing', '2026-03-13', '09:56:00', 'Open'),
(108, 'Kakashi Hatake', 'M2024-92264', 'I-A', 'kakashi@gmail.com', 'NCB5', 'Borrowing', '2026-03-13', '09:58:00', 'Open'),
(109, 'Hinata Hyuga', 'M2024-01560', 'IV-E', 'hinata@gmail.com', 'GMD', 'Borrowing', '2026-03-13', '10:00:00', 'Open'),
(110, 'Shoto Todoroki', 'M2024-60336', 'I-C', 'shoto@gmail.com', 'NCB6', 'Borrowing', '2026-03-13', '10:02:00', 'Open'),
(111, 'Izuku Midoriya', 'M2024-73345', 'III-A', 'izuku@gmail.com', 'NCB1', 'Borrowing', '2026-03-13', '10:04:00', 'Open'),
(112, 'Sakura Haruno', 'M2024-22562', 'IV-D', 'sakura@gmail.com', 'NCB4', 'Returning', '2026-03-13', '10:08:00', 'Locked'),
(113, 'Kakashi Hatake', 'M2024-92264', 'I-A', 'kakashi@gmail.com', 'NCB5', 'Returning', '2026-03-13', '10:10:00', 'Locked'),
(114, 'Hinata Hyuga', 'M2024-01560', 'IV-E', 'hinata@gmail.com', 'GMD', 'Returning', '2026-03-13', '10:12:00', 'Locked'),
(115, 'Shoto Todoroki', 'M2024-60336', 'I-C', 'shoto@gmail.com', 'NCB6', 'Returning', '2026-03-13', '10:14:00', 'Locked'),
(116, 'Izuku Midoriya', 'M2024-73345', 'III-A', 'izuku@gmail.com', 'NCB1', 'Returning', '2026-03-13', '10:16:00', 'Locked'),
(117, 'Katsuki Bakugo', 'M2024-73479', 'III-D', 'katsuki@gmail.com', 'AVR', 'Borrowing', '2026-03-16', '10:06:00', 'Open'),
(118, 'Ochaco Uraraka', 'M2024-48581', 'II-D', 'ochaco@gmail.com', 'ITC-B', 'Borrowing', '2026-03-16', '10:08:00', 'Open'),
(119, 'Eren Yeager', 'M2024-09307', 'IV-E', 'eren@gmail.com', 'NCB3', 'Borrowing', '2026-03-16', '10:10:00', 'Open'),
(120, 'Mikasa Ackerman', 'M2024-99832', 'IV-B', 'mikasa@gmail.com', 'NCB1', 'Borrowing', '2026-03-16', '10:12:00', 'Open'),
(121, 'Armin Arlert', 'M2024-59984', 'I-C', 'armin@gmail.com', 'NCB2', 'Borrowing', '2026-03-16', '10:14:00', 'Open'),
(122, 'Levi Ackerman', 'M2024-62966', 'II-E', 'levi@gmail.com', 'NCB5', 'Borrowing', '2026-03-16', '10:16:00', 'Open'),
(123, 'Katsuki Bakugo', 'M2024-73479', 'III-D', 'katsuki@gmail.com', 'AVR', 'Returning', '2026-03-16', '10:20:00', 'Locked'),
(124, 'Ochaco Uraraka', 'M2024-48581', 'II-D', 'ochaco@gmail.com', 'ITC-B', 'Returning', '2026-03-16', '10:22:00', 'Locked'),
(125, 'Eren Yeager', 'M2024-09307', 'IV-E', 'eren@gmail.com', 'NCB3', 'Returning', '2026-03-16', '10:24:00', 'Locked'),
(126, 'Mikasa Ackerman', 'M2024-99832', 'IV-B', 'mikasa@gmail.com', 'NCB1', 'Returning', '2026-03-16', '10:26:00', 'Locked'),
(127, 'Armin Arlert', 'M2024-59984', 'I-C', 'armin@gmail.com', 'NCB2', 'Returning', '2026-03-16', '10:28:00', 'Locked'),
(128, 'Levi Ackerman', 'M2024-62966', 'II-E', 'levi@gmail.com', 'NCB5', 'Returning', '2026-03-16', '10:30:00', 'Locked'),
(129, 'Tanjiro Kamado', 'M2024-01013', 'II-C', 'tanjiro@gmail.com', 'ITC-B', 'Borrowing', '2026-03-17', '15:45:00', 'Open'),
(130, 'Nezuko Kamado', 'M2024-14946', 'III-A', 'nezuko@gmail.com', 'Math Lab', 'Borrowing', '2026-03-17', '15:47:00', 'Open'),
(131, 'Zenitsu Agatsuma', 'M2024-93927', 'III-B', 'zenitsu@gmail.com', '208', 'Borrowing', '2026-03-17', '15:49:00', 'Open'),
(132, 'Inosuke Hashibira', 'M2024-55024', 'I-B', 'inosuke@gmail.com', 'NCB2', 'Borrowing', '2026-03-17', '15:51:00', 'Open'),
(133, 'Satoru Gojo', 'M2024-44660', 'II-B', 'satoru@gmail.com', '218', 'Borrowing', '2026-03-17', '15:53:00', 'Open'),
(134, 'Yuji Itadori', 'M2024-41752', 'IV-C', 'yuji@gmail.com', 'Smart Classroom', 'Borrowing', '2026-03-17', '15:55:00', 'Open'),
(135, 'Tanjiro Kamado', 'M2024-01013', 'II-C', 'tanjiro@gmail.com', 'ITC-B', 'Returning', '2026-03-17', '15:59:00', 'Locked'),
(136, 'Nezuko Kamado', 'M2024-14946', 'III-A', 'nezuko@gmail.com', 'Math Lab', 'Returning', '2026-03-17', '16:01:00', 'Locked'),
(137, 'Zenitsu Agatsuma', 'M2024-93927', 'III-B', 'zenitsu@gmail.com', '208', 'Returning', '2026-03-17', '16:03:00', 'Locked'),
(138, 'Inosuke Hashibira', 'M2024-55024', 'I-B', 'inosuke@gmail.com', 'NCB2', 'Returning', '2026-03-17', '16:05:00', 'Locked'),
(139, 'Satoru Gojo', 'M2024-44660', 'II-B', 'satoru@gmail.com', '218', 'Returning', '2026-03-17', '16:07:00', 'Locked'),
(140, 'Yuji Itadori', 'M2024-41752', 'IV-C', 'yuji@gmail.com', 'Smart Classroom', 'Returning', '2026-03-17', '16:09:00', 'Locked'),
(141, 'Megumi Fushiguro', 'M2024-74456', 'II-C', 'megumi@gmail.com', 'NCB1', 'Borrowing', '2026-03-18', '14:31:00', 'Open'),
(142, 'Nobara Kugisaki', 'M2024-71216', 'IV-C', 'nobara@gmail.com', 'NCB3', 'Borrowing', '2026-03-18', '14:33:00', 'Open'),
(143, 'Monkey Luffy', 'M2024-71990', 'III-E', 'monkey@gmail.com', '218', 'Borrowing', '2026-03-18', '14:35:00', 'Open'),
(144, 'Roronoa Zoro', 'M2024-63250', 'II-E', 'roronoa@gmail.com', 'NCB1', 'Borrowing', '2026-03-18', '14:37:00', 'Open'),
(145, 'Nami Bellemere', 'M2024-88354', 'I-A', 'nami@gmail.com', 'ITC-B', 'Borrowing', '2026-03-18', '14:39:00', 'Open'),
(146, 'Sanji Vinsmoke', 'M2024-50717', 'IV-C', 'sanji@gmail.com', 'NCB4', 'Borrowing', '2026-03-18', '14:41:00', 'Open'),
(147, 'Megumi Fushiguro', 'M2024-74456', 'II-C', 'megumi@gmail.com', 'NCB1', 'Returning', '2026-03-18', '14:45:00', 'Locked'),
(148, 'Nobara Kugisaki', 'M2024-71216', 'IV-C', 'nobara@gmail.com', 'NCB3', 'Returning', '2026-03-18', '14:47:00', 'Locked'),
(149, 'Monkey Luffy', 'M2024-71990', 'III-E', 'monkey@gmail.com', '218', 'Returning', '2026-03-18', '14:49:00', 'Locked'),
(150, 'Roronoa Zoro', 'M2024-63250', 'II-E', 'roronoa@gmail.com', 'NCB1', 'Returning', '2026-03-18', '14:51:00', 'Locked'),
(151, 'Nami Bellemere', 'M2024-88354', 'I-A', 'nami@gmail.com', 'ITC-B', 'Returning', '2026-03-18', '14:53:00', 'Locked'),
(152, 'Sanji Vinsmoke', 'M2024-50717', 'IV-C', 'sanji@gmail.com', 'NCB4', 'Returning', '2026-03-18', '14:55:00', 'Locked'),
(153, 'Usopp Yasopp', 'M2024-97480', 'I-B', 'usopp@gmail.com', '209', 'Borrowing', '2026-03-19', '13:26:00', 'Open'),
(154, 'Tony Chopper', 'M2024-28165', 'I-C', 'tony@gmail.com', 'NCB5', 'Borrowing', '2026-03-19', '13:28:00', 'Open'),
(155, 'Nico Robin', 'M2024-54980', 'II-C', 'nico@gmail.com', 'GMD', 'Borrowing', '2026-03-19', '13:30:00', 'Open'),
(156, 'Portgas Ace', 'M2024-90951', 'II-B', 'portgas@gmail.com', 'NCB6', 'Borrowing', '2026-03-19', '13:32:00', 'Open'),
(157, 'Trafalgar Law', 'M2024-13909', 'III-E', 'trafalgar@gmail.com', 'GMD', 'Borrowing', '2026-03-19', '13:34:00', 'Open'),
(158, 'Ichigo Kurosaki', 'M2024-90226', 'I-A', 'ichigo@gmail.com', 'NCB5', 'Borrowing', '2026-03-19', '13:36:00', 'Open'),
(159, 'Usopp Yasopp', 'M2024-97480', 'I-B', 'usopp@gmail.com', '209', 'Returning', '2026-03-19', '13:40:00', 'Locked'),
(160, 'Tony Chopper', 'M2024-28165', 'I-C', 'tony@gmail.com', 'NCB5', 'Returning', '2026-03-19', '13:42:00', 'Locked'),
(161, 'Nico Robin', 'M2024-54980', 'II-C', 'nico@gmail.com', 'GMD', 'Returning', '2026-03-19', '13:44:00', 'Locked'),
(162, 'Portgas Ace', 'M2024-90951', 'II-B', 'portgas@gmail.com', 'NCB6', 'Returning', '2026-03-19', '13:46:00', 'Locked'),
(163, 'Trafalgar Law', 'M2024-13909', 'III-E', 'trafalgar@gmail.com', 'GMD', 'Returning', '2026-03-19', '13:48:00', 'Locked'),
(164, 'Ichigo Kurosaki', 'M2024-90226', 'I-A', 'ichigo@gmail.com', 'NCB5', 'Returning', '2026-03-19', '13:50:00', 'Locked'),
(165, 'Rukia Kuchiki', 'M2024-91205', 'IV-B', 'rukia@gmail.com', 'GMD', 'Borrowing', '2026-03-20', '17:59:00', 'Open'),
(166, 'Orihime Inoue', 'M2024-57135', 'III-C', 'orihime@gmail.com', '209', 'Borrowing', '2026-03-20', '18:01:00', 'Open'),
(167, 'Uryu Ishida', 'M2024-74093', 'I-B', 'uryu@gmail.com', '218', 'Borrowing', '2026-03-20', '18:03:00', 'Open'),
(168, 'Light Yagami', 'M2024-63714', 'IV-C', 'light@gmail.com', 'NCB1', 'Borrowing', '2026-03-20', '18:05:00', 'Open'),
(169, 'L Lawliet', 'M2024-29646', 'I-D', 'l@gmail.com', 'Smart Classroom', 'Borrowing', '2026-03-20', '18:07:00', 'Open'),
(170, 'Misa Amane', 'M2024-15758', 'II-D', 'misa@gmail.com', 'NCB5', 'Borrowing', '2026-03-20', '18:09:00', 'Open'),
(171, 'Rukia Kuchiki', 'M2024-91205', 'IV-B', 'rukia@gmail.com', 'GMD', 'Returning', '2026-03-20', '18:13:00', 'Locked'),
(172, 'Orihime Inoue', 'M2024-57135', 'III-C', 'orihime@gmail.com', '209', 'Returning', '2026-03-20', '18:15:00', 'Locked'),
(173, 'Uryu Ishida', 'M2024-74093', 'I-B', 'uryu@gmail.com', '218', 'Returning', '2026-03-20', '18:17:00', 'Locked'),
(174, 'Light Yagami', 'M2024-63714', 'IV-C', 'light@gmail.com', 'NCB1', 'Returning', '2026-03-20', '18:19:00', 'Locked'),
(175, 'L Lawliet', 'M2024-29646', 'I-D', 'l@gmail.com', 'Smart Classroom', 'Returning', '2026-03-20', '18:21:00', 'Locked'),
(176, 'Misa Amane', 'M2024-15758', 'II-D', 'misa@gmail.com', 'NCB5', 'Returning', '2026-03-20', '18:23:00', 'Locked'),
(177, 'Killua Zoldyck', 'M2024-92108', 'II-A', 'killua@gmail.com', '207', 'Borrowing', '2026-03-23', '17:04:00', 'Open'),
(178, 'Gon Freecss', 'M2024-69638', 'IV-A', 'gon@gmail.com', 'NCB1', 'Borrowing', '2026-03-23', '17:06:00', 'Open'),
(179, 'Kurapika Kurta', 'M2024-58964', 'I-B', 'kurapika@gmail.com', '218', 'Borrowing', '2026-03-23', '17:08:00', 'Open'),
(180, 'Kenshin Himura', 'M2024-25697', 'I-D', 'kenshin@gmail.com', 'NCB5', 'Borrowing', '2026-03-23', '17:10:00', 'Open'),
(181, 'Shinji Ikari', 'M2024-38906', 'II-E', 'shinji@gmail.com', '208', 'Borrowing', '2026-03-23', '17:12:00', 'Open'),
(182, 'Asuka Langley', 'M2024-12597', 'III-B', 'asuka@gmail.com', 'NCB3', 'Borrowing', '2026-03-23', '17:14:00', 'Open'),
(183, 'Killua Zoldyck', 'M2024-92108', 'II-A', 'killua@gmail.com', '207', 'Returning', '2026-03-23', '17:18:00', 'Locked'),
(184, 'Gon Freecss', 'M2024-69638', 'IV-A', 'gon@gmail.com', 'NCB1', 'Returning', '2026-03-23', '17:20:00', 'Locked'),
(185, 'Kurapika Kurta', 'M2024-58964', 'I-B', 'kurapika@gmail.com', '218', 'Returning', '2026-03-23', '17:22:00', 'Locked'),
(186, 'Kenshin Himura', 'M2024-25697', 'I-D', 'kenshin@gmail.com', 'NCB5', 'Returning', '2026-03-23', '17:24:00', 'Locked'),
(187, 'Shinji Ikari', 'M2024-38906', 'II-E', 'shinji@gmail.com', '208', 'Returning', '2026-03-23', '17:26:00', 'Locked'),
(188, 'Asuka Langley', 'M2024-12597', 'III-B', 'asuka@gmail.com', 'NCB3', 'Returning', '2026-03-23', '17:28:00', 'Locked'),
(189, 'Rei Ayanami', 'M2024-72410', 'I-A', 'rei@gmail.com', '208', 'Borrowing', '2026-03-24', '13:34:00', 'Open'),
(190, 'Edward Elric', 'M2024-13785', 'IV-C', 'edward@gmail.com', '207', 'Borrowing', '2026-03-24', '13:36:00', 'Open'),
(191, 'Alphonse Elric', 'M2024-29622', 'IV-E', 'alphonse@gmail.com', 'NCB6', 'Borrowing', '2026-03-24', '13:38:00', 'Open'),
(192, 'Roy Mustang', 'M2024-46892', 'III-E', 'roy@gmail.com', 'GMD', 'Borrowing', '2026-03-24', '13:40:00', 'Open'),
(193, 'Winry Rockbell', 'M2024-67784', 'IV-A', 'winry@gmail.com', 'NCB1', 'Borrowing', '2026-03-24', '13:42:00', 'Open'),
(194, 'Rei Ayanami', 'M2024-72410', 'I-A', 'rei@gmail.com', '208', 'Returning', '2026-03-24', '13:46:00', 'Locked'),
(195, 'Edward Elric', 'M2024-13785', 'IV-C', 'edward@gmail.com', '207', 'Returning', '2026-03-24', '13:48:00', 'Locked'),
(196, 'Alphonse Elric', 'M2024-29622', 'IV-E', 'alphonse@gmail.com', 'NCB6', 'Returning', '2026-03-24', '13:50:00', 'Locked'),
(197, 'Roy Mustang', 'M2024-46892', 'III-E', 'roy@gmail.com', 'GMD', 'Returning', '2026-03-24', '13:52:00', 'Locked'),
(198, 'Winry Rockbell', 'M2024-67784', 'IV-A', 'winry@gmail.com', 'NCB1', 'Returning', '2026-03-24', '13:54:00', 'Locked'),
(199, 'Violet Evergarden', 'M2024-41932', 'II-E', 'violet@gmail.com', 'Smart Classroom', 'Borrowing', '2026-03-25', '10:28:00', 'Open'),
(200, 'Anya Forger', 'M2024-51482', 'IV-A', 'anya@gmail.com', 'GMD', 'Borrowing', '2026-03-25', '10:30:00', 'Open'),
(201, 'Loid Forger', 'M2024-63397', 'I-B', 'loid@gmail.com', '210', 'Borrowing', '2026-03-25', '10:32:00', 'Open'),
(202, 'Yor Forger', 'M2024-85973', 'IV-B', 'yor@gmail.com', 'AVR', 'Borrowing', '2026-03-25', '10:34:00', 'Open'),
(203, 'Kaguya Shinomiya', 'M2024-17531', 'III-D', 'kaguya@gmail.com', 'ITC-B', 'Borrowing', '2026-03-25', '10:36:00', 'Open'),
(204, 'Miyuki Shirogane', 'M2024-94847', 'II-A', 'miyuki@gmail.com', '208', 'Borrowing', '2026-03-25', '10:38:00', 'Open'),
(205, 'Violet Evergarden', 'M2024-41932', 'II-E', 'violet@gmail.com', 'Smart Classroom', 'Returning', '2026-03-25', '10:42:00', 'Locked'),
(206, 'Anya Forger', 'M2024-51482', 'IV-A', 'anya@gmail.com', 'GMD', 'Returning', '2026-03-25', '10:44:00', 'Locked'),
(207, 'Loid Forger', 'M2024-63397', 'I-B', 'loid@gmail.com', '210', 'Returning', '2026-03-25', '10:46:00', 'Locked'),
(208, 'Yor Forger', 'M2024-85973', 'IV-B', 'yor@gmail.com', 'AVR', 'Returning', '2026-03-25', '10:48:00', 'Locked'),
(209, 'Kaguya Shinomiya', 'M2024-17531', 'III-D', 'kaguya@gmail.com', 'ITC-B', 'Returning', '2026-03-25', '10:50:00', 'Locked'),
(210, 'Miyuki Shirogane', 'M2024-94847', 'II-A', 'miyuki@gmail.com', '208', 'Returning', '2026-03-25', '10:52:00', 'Locked'),
(211, 'Taiga Aisaka', 'M2024-38729', 'IV-B', 'taiga@gmail.com', 'ITC-B', 'Borrowing', '2026-03-26', '14:46:00', 'Open'),
(212, 'Rowena Jhen T Albis', 'M2024-74904', 'I-E', 'rowena@gmail.com', '207', 'Borrowing', '2026-03-26', '14:48:00', 'Open'),
(213, 'Carl V Alvarez', 'M2024-59368', 'IV-B', 'carl@gmail.com', 'NCB2', 'Borrowing', '2026-03-26', '14:50:00', 'Open'),
(214, 'John Karl M Anore', 'M2024-96678', 'I-B', 'john@gmail.com', 'NCB5', 'Borrowing', '2026-03-26', '14:52:00', 'Open'),
(215, 'Jeanne Pauline O Arada', 'M2024-19656', 'II-C', 'jeanne@gmail.com', 'NCB2', 'Borrowing', '2026-03-26', '14:54:00', 'Open'),
(216, 'Taiga Aisaka', 'M2024-38729', 'IV-B', 'taiga@gmail.com', 'ITC-B', 'Returning', '2026-03-26', '14:58:00', 'Locked'),
(217, 'Rowena Jhen T Albis', 'M2024-74904', 'I-E', 'rowena@gmail.com', '207', 'Returning', '2026-03-26', '15:00:00', 'Locked'),
(218, 'Carl V Alvarez', 'M2024-59368', 'IV-B', 'carl@gmail.com', 'NCB2', 'Returning', '2026-03-26', '15:02:00', 'Locked'),
(219, 'John Karl M Anore', 'M2024-96678', 'I-B', 'john@gmail.com', 'NCB5', 'Returning', '2026-03-26', '15:04:00', 'Locked'),
(220, 'Jeanne Pauline O Arada', 'M2024-19656', 'II-C', 'jeanne@gmail.com', 'NCB2', 'Returning', '2026-03-26', '15:06:00', 'Locked'),
(221, 'John Wayne Andrei P Asi', 'M2024-78185', 'III-A', 'john@gmail.com', '210', 'Borrowing', '2026-03-27', '15:47:00', 'Open'),
(222, 'Peter Paul S Basallote', 'M2024-29781', 'II-A', 'peter@gmail.com', 'NCB4', 'Borrowing', '2026-03-27', '15:49:00', 'Open'),
(223, 'Juztine Coltrane V Bernardo', 'M2024-55708', 'IV-C', 'juztine@gmail.com', 'NCB5', 'Borrowing', '2026-03-27', '15:51:00', 'Open'),
(224, 'Ram Laurenz Dc Buban', 'M2024-34755', 'IV-B', 'ram@gmail.com', 'NCB4', 'Borrowing', '2026-03-27', '15:53:00', 'Open'),
(225, 'Domm Simri R Buenviaje', 'M2024-14879', 'I-A', 'domm@gmail.com', '218', 'Borrowing', '2026-03-27', '15:55:00', 'Open'),
(226, 'John Wayne Andrei P Asi', 'M2024-78185', 'III-A', 'john@gmail.com', '210', 'Returning', '2026-03-27', '15:59:00', 'Locked'),
(227, 'Peter Paul S Basallote', 'M2024-29781', 'II-A', 'peter@gmail.com', 'NCB4', 'Returning', '2026-03-27', '16:01:00', 'Locked'),
(228, 'Juztine Coltrane V Bernardo', 'M2024-55708', 'IV-C', 'juztine@gmail.com', 'NCB5', 'Returning', '2026-03-27', '16:03:00', 'Locked'),
(229, 'Ram Laurenz Dc Buban', 'M2024-34755', 'IV-B', 'ram@gmail.com', 'NCB4', 'Returning', '2026-03-27', '16:05:00', 'Locked'),
(230, 'Domm Simri R Buenviaje', 'M2024-14879', 'I-A', 'domm@gmail.com', '218', 'Returning', '2026-03-27', '16:07:00', 'Locked'),
(231, 'Delmar M Buhawe', 'M2024-07465', 'II-C', 'delmar@gmail.com', '210', 'Borrowing', '2026-03-30', '13:43:00', 'Open'),
(232, 'Nash Gabriel C Calderon', 'M2024-39982', 'III-D', 'nash@gmail.com', '210', 'Borrowing', '2026-03-30', '13:45:00', 'Open'),
(233, 'Prince Charles B Calingog', 'M2024-81782', 'II-E', 'prince@gmail.com', 'NCB5', 'Borrowing', '2026-03-30', '13:47:00', 'Open'),
(234, 'Mizpah Kryzel U Catalino', 'M2024-57559', 'II-E', 'mizpah@gmail.com', 'NCB6', 'Borrowing', '2026-03-30', '13:49:00', 'Open'),
(235, 'Zaira Mae G Catanan', 'M2024-20763', 'I-C', 'zaira@gmail.com', 'NCB6', 'Borrowing', '2026-03-30', '13:51:00', 'Open'),
(236, 'Delmar M Buhawe', 'M2024-07465', 'II-C', 'delmar@gmail.com', '210', 'Returning', '2026-03-30', '13:55:00', 'Locked'),
(237, 'Nash Gabriel C Calderon', 'M2024-39982', 'III-D', 'nash@gmail.com', '210', 'Returning', '2026-03-30', '13:57:00', 'Locked'),
(238, 'Prince Charles B Calingog', 'M2024-81782', 'II-E', 'prince@gmail.com', 'NCB5', 'Returning', '2026-03-30', '13:59:00', 'Locked'),
(239, 'Mizpah Kryzel U Catalino', 'M2024-57559', 'II-E', 'mizpah@gmail.com', 'NCB6', 'Returning', '2026-03-30', '14:01:00', 'Locked'),
(240, 'Zaira Mae G Catanan', 'M2024-20763', 'I-C', 'zaira@gmail.com', 'NCB6', 'Returning', '2026-03-30', '14:03:00', 'Locked'),
(241, 'Darrel Christian N Ceñir', 'M2024-74453', 'II-D', 'darrel@gmail.com', 'ITC-B', 'Borrowing', '2026-03-31', '13:57:00', 'Open'),
(242, 'Francis Wilbert B Cruz', 'M2024-09614', 'IV-B', 'francis@gmail.com', '209', 'Borrowing', '2026-03-31', '13:59:00', 'Open'),
(243, 'Crystalyn Joy S Cuaderno', 'M2024-71738', 'II-A', 'crystalyn@gmail.com', 'NCB3', 'Borrowing', '2026-03-31', '14:01:00', 'Open'),
(244, 'Kc A De Leon', 'M2024-73130', 'I-B', 'kc@gmail.com', 'ITC-B', 'Borrowing', '2026-03-31', '14:03:00', 'Open'),
(245, 'Mharx A De Luna', 'M2024-83586', 'III-C', 'mharx@gmail.com', '208', 'Borrowing', '2026-03-31', '14:05:00', 'Open'),
(246, 'Billy Jr T De Ocampo', 'M2024-94296', 'II-B', 'billy@gmail.com', '207', 'Borrowing', '2026-03-31', '14:07:00', 'Open'),
(247, 'Darrel Christian N Ceñir', 'M2024-74453', 'II-D', 'darrel@gmail.com', 'ITC-B', 'Returning', '2026-03-31', '14:11:00', 'Locked'),
(248, 'Francis Wilbert B Cruz', 'M2024-09614', 'IV-B', 'francis@gmail.com', '209', 'Returning', '2026-03-31', '14:13:00', 'Locked'),
(249, 'Crystalyn Joy S Cuaderno', 'M2024-71738', 'II-A', 'crystalyn@gmail.com', 'NCB3', 'Returning', '2026-03-31', '14:15:00', 'Locked'),
(250, 'Kc A De Leon', 'M2024-73130', 'I-B', 'kc@gmail.com', 'ITC-B', 'Returning', '2026-03-31', '14:17:00', 'Locked'),
(251, 'Mharx A De Luna', 'M2024-83586', 'III-C', 'mharx@gmail.com', '208', 'Returning', '2026-03-31', '14:19:00', 'Locked'),
(252, 'Billy Jr T De Ocampo', 'M2024-94296', 'II-B', 'billy@gmail.com', '207', 'Returning', '2026-03-31', '14:21:00', 'Locked'),
(253, 'Jewel T De Ungria', 'M2024-71065', 'II-B', 'jewel@gmail.com', 'Math Lab', 'Borrowing', '2026-04-01', '10:51:00', 'Open'),
(254, 'Vien Francois I Dela Cruz', 'M2024-24642', 'IV-B', 'vien@gmail.com', 'NCB2', 'Borrowing', '2026-04-01', '10:53:00', 'Open'),
(255, 'Ronald Jr B Domagco', 'M2024-02917', 'IV-A', 'ronald@gmail.com', '210', 'Borrowing', '2026-04-01', '10:55:00', 'Open'),
(256, 'James Benidict P Dominguez', 'M2024-29184', 'III-E', 'james@gmail.com', 'Smart Classroom', 'Borrowing', '2026-04-01', '10:57:00', 'Open'),
(257, 'Joshua M Elago', 'M2024-08498', 'IV-A', 'joshua@gmail.com', 'NCB1', 'Borrowing', '2026-04-01', '10:59:00', 'Open'),
(258, 'Alexelle G Encinares', 'M2024-68982', 'I-B', 'alexelle@gmail.com', 'Smart Classroom', 'Borrowing', '2026-04-01', '11:01:00', 'Open'),
(259, 'Jewel T De Ungria', 'M2024-71065', 'II-B', 'jewel@gmail.com', 'Math Lab', 'Returning', '2026-04-01', '11:05:00', 'Locked'),
(260, 'Vien Francois I Dela Cruz', 'M2024-24642', 'IV-B', 'vien@gmail.com', 'NCB2', 'Returning', '2026-04-01', '11:07:00', 'Locked'),
(261, 'Ronald Jr B Domagco', 'M2024-02917', 'IV-A', 'ronald@gmail.com', '210', 'Returning', '2026-04-01', '11:09:00', 'Locked'),
(262, 'James Benidict P Dominguez', 'M2024-29184', 'III-E', 'james@gmail.com', 'Smart Classroom', 'Returning', '2026-04-01', '11:11:00', 'Locked'),
(263, 'Joshua M Elago', 'M2024-08498', 'IV-A', 'joshua@gmail.com', 'NCB1', 'Returning', '2026-04-01', '11:13:00', 'Locked'),
(264, 'Alexelle G Encinares', 'M2024-68982', 'I-B', 'alexelle@gmail.com', 'Smart Classroom', 'Returning', '2026-04-01', '11:15:00', 'Locked'),
(265, 'Romulo Jr Erroba', 'M2024-01031', 'IV-D', 'romulo@gmail.com', '210', 'Borrowing', '2026-04-02', '12:57:00', 'Open'),
(266, 'Evol S Esmade', 'M2024-29469', 'II-E', 'evol@gmail.com', 'AVR', 'Borrowing', '2026-04-02', '12:59:00', 'Open'),
(267, 'Gian Basty O Garcia', 'M2024-93005', 'I-D', 'gian@gmail.com', 'NCB1', 'Borrowing', '2026-04-02', '13:01:00', 'Open'),
(268, 'Joseph C Gobres', 'M2024-66374', 'II-B', 'joseph@gmail.com', 'NCB1', 'Borrowing', '2026-04-02', '13:03:00', 'Open'),
(269, 'Paul Justine S Jamero', 'M2024-04174', 'II-D', 'paul@gmail.com', 'AVR', 'Borrowing', '2026-04-02', '13:05:00', 'Open'),
(270, 'Jush M Laman', 'M2024-50145', 'IV-E', 'jush@gmail.com', '207', 'Borrowing', '2026-04-02', '13:07:00', 'Open'),
(271, 'Romulo Jr Erroba', 'M2024-01031', 'IV-D', 'romulo@gmail.com', '210', 'Returning', '2026-04-02', '13:11:00', 'Locked'),
(272, 'Evol S Esmade', 'M2024-29469', 'II-E', 'evol@gmail.com', 'AVR', 'Returning', '2026-04-02', '13:13:00', 'Locked'),
(273, 'Gian Basty O Garcia', 'M2024-93005', 'I-D', 'gian@gmail.com', 'NCB1', 'Returning', '2026-04-02', '13:15:00', 'Locked'),
(274, 'Joseph C Gobres', 'M2024-66374', 'II-B', 'joseph@gmail.com', 'NCB1', 'Returning', '2026-04-02', '13:17:00', 'Locked'),
(275, 'Paul Justine S Jamero', 'M2024-04174', 'II-D', 'paul@gmail.com', 'AVR', 'Returning', '2026-04-02', '13:19:00', 'Locked'),
(276, 'Jush M Laman', 'M2024-50145', 'IV-E', 'jush@gmail.com', '207', 'Returning', '2026-04-02', '13:21:00', 'Locked'),
(277, 'Brent Jared B Lituañas', 'M2024-26696', 'II-A', 'brent@gmail.com', 'Smart Classroom', 'Borrowing', '2026-04-03', '10:46:00', 'Open'),
(278, 'Christian Carl V Lituañas', 'M2024-60609', 'II-D', 'christian@gmail.com', 'NCB3', 'Borrowing', '2026-04-03', '10:48:00', 'Open'),
(279, 'Ma Clarisse I Lumbang', 'M2024-57929', 'IV-D', 'ma@gmail.com', 'NCB2', 'Borrowing', '2026-04-03', '10:50:00', 'Open'),
(280, 'Ryza Mae B Marino', 'M2024-89130', 'II-C', 'ryza@gmail.com', 'NCB1', 'Borrowing', '2026-04-03', '10:52:00', 'Open'),
(281, 'Steven P Matamis', 'M2024-82155', 'III-D', 'steven@gmail.com', 'Smart Classroom', 'Borrowing', '2026-04-03', '10:54:00', 'Open'),
(282, 'Paul Andrei G Mendiola', 'M2024-88118', 'IV-E', 'paul@gmail.com', 'GMD', 'Borrowing', '2026-04-03', '10:56:00', 'Open'),
(283, 'Brent Jared B Lituañas', 'M2024-26696', 'II-A', 'brent@gmail.com', 'Smart Classroom', 'Returning', '2026-04-03', '11:00:00', 'Locked'),
(284, 'Christian Carl V Lituañas', 'M2024-60609', 'II-D', 'christian@gmail.com', 'NCB3', 'Returning', '2026-04-03', '11:02:00', 'Locked'),
(285, 'Ma Clarisse I Lumbang', 'M2024-57929', 'IV-D', 'ma@gmail.com', 'NCB2', 'Returning', '2026-04-03', '11:04:00', 'Locked'),
(286, 'Ryza Mae B Marino', 'M2024-89130', 'II-C', 'ryza@gmail.com', 'NCB1', 'Returning', '2026-04-03', '11:06:00', 'Locked'),
(287, 'Steven P Matamis', 'M2024-82155', 'III-D', 'steven@gmail.com', 'Smart Classroom', 'Returning', '2026-04-03', '11:08:00', 'Locked'),
(288, 'Paul Andrei G Mendiola', 'M2024-88118', 'IV-E', 'paul@gmail.com', 'GMD', 'Returning', '2026-04-03', '11:10:00', 'Locked'),
(289, 'Gilbert R Millado', 'M2024-04980', 'II-A', 'gilbert@gmail.com', 'NCB3', 'Borrowing', '2026-04-06', '12:56:00', 'Open'),
(290, 'Harley T Pacol', 'M2024-53509', 'II-C', 'harley@gmail.com', 'Math Lab', 'Borrowing', '2026-04-06', '12:58:00', 'Open'),
(291, 'Jeffrey D Papa', 'M2024-21892', 'IV-A', 'jeffrey@gmail.com', 'NCB1', 'Borrowing', '2026-04-06', '13:00:00', 'Open'),
(292, 'James Xyrus I Sagun', 'M2024-37991', 'III-A', 'james@gmail.com', 'ITC-B', 'Borrowing', '2026-04-06', '13:02:00', 'Open'),
(293, 'Alain Conrad C Salandanan', 'M2024-96297', 'I-C', 'alain@gmail.com', 'NCB5', 'Borrowing', '2026-04-06', '13:04:00', 'Open'),
(294, 'Kimee Miles D San Jose', 'M2024-16908', 'IV-D', 'kimee@gmail.com', 'AVR', 'Borrowing', '2026-04-06', '13:06:00', 'Open'),
(295, 'Gilbert R Millado', 'M2024-04980', 'II-A', 'gilbert@gmail.com', 'NCB3', 'Returning', '2026-04-06', '13:10:00', 'Locked'),
(296, 'Harley T Pacol', 'M2024-53509', 'II-C', 'harley@gmail.com', 'Math Lab', 'Returning', '2026-04-06', '13:12:00', 'Locked'),
(297, 'Jeffrey D Papa', 'M2024-21892', 'IV-A', 'jeffrey@gmail.com', 'NCB1', 'Returning', '2026-04-06', '13:14:00', 'Locked'),
(298, 'James Xyrus I Sagun', 'M2024-37991', 'III-A', 'james@gmail.com', 'ITC-B', 'Returning', '2026-04-06', '13:16:00', 'Locked'),
(299, 'Alain Conrad C Salandanan', 'M2024-96297', 'I-C', 'alain@gmail.com', 'NCB5', 'Returning', '2026-04-06', '13:18:00', 'Locked'),
(300, 'Kimee Miles D San Jose', 'M2024-16908', 'IV-D', 'kimee@gmail.com', 'AVR', 'Returning', '2026-04-06', '13:20:00', 'Locked'),
(301, 'Trixie Mae B Señoron', 'M2024-27822', 'III-E', 'trixie@gmail.com', '210', 'Borrowing', '2026-04-07', '15:36:00', 'Open'),
(302, 'Gillian G Serapion', 'M2024-43455', 'III-B', 'gillian@gmail.com', 'Math Lab', 'Borrowing', '2026-04-07', '15:38:00', 'Open'),
(303, 'Jemimah M Sioson', 'M2024-15370', 'I-B', 'jemimah@gmail.com', 'NCB3', 'Borrowing', '2026-04-07', '15:40:00', 'Open'),
(304, 'Kiel Adrian T Sotto', 'M2024-10338', 'II-A', 'kiel@gmail.com', 'NCB5', 'Borrowing', '2026-04-07', '15:42:00', 'Open'),
(305, 'Christine Mae G Tabirara', 'M2024-03919', 'II-B', 'christine@gmail.com', 'AVR', 'Borrowing', '2026-04-07', '15:44:00', 'Open'),
(306, 'Trixie Mae B Señoron', 'M2024-27822', 'III-E', 'trixie@gmail.com', '210', 'Returning', '2026-04-07', '15:48:00', 'Locked'),
(307, 'Gillian G Serapion', 'M2024-43455', 'III-B', 'gillian@gmail.com', 'Math Lab', 'Returning', '2026-04-07', '15:50:00', 'Locked'),
(308, 'Jemimah M Sioson', 'M2024-15370', 'I-B', 'jemimah@gmail.com', 'NCB3', 'Returning', '2026-04-07', '15:52:00', 'Locked'),
(309, 'Kiel Adrian T Sotto', 'M2024-10338', 'II-A', 'kiel@gmail.com', 'NCB5', 'Returning', '2026-04-07', '15:54:00', 'Locked'),
(310, 'Christine Mae G Tabirara', 'M2024-03919', 'II-B', 'christine@gmail.com', 'AVR', 'Returning', '2026-04-07', '15:56:00', 'Locked'),
(311, 'Yesha Ashley R Tena', 'M2024-82311', 'IV-B', 'yesha@gmail.com', '207', 'Borrowing', '2026-04-08', '14:59:00', 'Open'),
(312, 'Biensen C Valencia', 'M2024-57093', 'II-A', 'biensen@gmail.com', '209', 'Borrowing', '2026-04-08', '15:01:00', 'Open'),
(313, 'Naruto Uzumaki', 'M2024-04639', 'IV-E', 'naruto@gmail.com', 'NCB3', 'Borrowing', '2026-04-08', '15:03:00', 'Open'),
(314, 'Sasuke Uchiha', 'M2024-55692', 'III-D', 'sasuke@gmail.com', '207', 'Borrowing', '2026-04-08', '15:05:00', 'Open'),
(315, 'Sakura Haruno', 'M2024-18805', 'I-B', 'sakura@gmail.com', 'NCB2', 'Borrowing', '2026-04-08', '15:07:00', 'Open'),
(316, 'Kakashi Hatake', 'M2024-24855', 'IV-C', 'kakashi@gmail.com', 'AVR', 'Borrowing', '2026-04-08', '15:09:00', 'Open'),
(317, 'Yesha Ashley R Tena', 'M2024-82311', 'IV-B', 'yesha@gmail.com', '207', 'Returning', '2026-04-08', '15:13:00', 'Locked'),
(318, 'Biensen C Valencia', 'M2024-57093', 'II-A', 'biensen@gmail.com', '209', 'Returning', '2026-04-08', '15:15:00', 'Locked'),
(319, 'Naruto Uzumaki', 'M2024-04639', 'IV-E', 'naruto@gmail.com', 'NCB3', 'Returning', '2026-04-08', '15:17:00', 'Locked'),
(320, 'Sasuke Uchiha', 'M2024-55692', 'III-D', 'sasuke@gmail.com', '207', 'Returning', '2026-04-08', '15:19:00', 'Locked'),
(321, 'Sakura Haruno', 'M2024-18805', 'I-B', 'sakura@gmail.com', 'NCB2', 'Returning', '2026-04-08', '15:21:00', 'Locked'),
(322, 'Kakashi Hatake', 'M2024-24855', 'IV-C', 'kakashi@gmail.com', 'AVR', 'Returning', '2026-04-08', '15:23:00', 'Locked'),
(323, 'Hinata Hyuga', 'M2024-23928', 'III-B', 'hinata@gmail.com', 'NCB6', 'Borrowing', '2026-04-09', '08:51:00', 'Open'),
(324, 'Shoto Todoroki', 'M2024-99342', 'III-C', 'shoto@gmail.com', 'GMD', 'Borrowing', '2026-04-09', '08:53:00', 'Open'),
(325, 'Izuku Midoriya', 'M2024-22406', 'II-D', 'izuku@gmail.com', 'ITC-B', 'Borrowing', '2026-04-09', '08:55:00', 'Open'),
(326, 'Katsuki Bakugo', 'M2024-00524', 'IV-D', 'katsuki@gmail.com', 'NCB5', 'Borrowing', '2026-04-09', '08:57:00', 'Open'),
(327, 'Ochaco Uraraka', 'M2024-03062', 'III-D', 'ochaco@gmail.com', 'Smart Classroom', 'Borrowing', '2026-04-09', '08:59:00', 'Open'),
(328, 'Hinata Hyuga', 'M2024-23928', 'III-B', 'hinata@gmail.com', 'NCB6', 'Returning', '2026-04-09', '09:03:00', 'Locked'),
(329, 'Shoto Todoroki', 'M2024-99342', 'III-C', 'shoto@gmail.com', 'GMD', 'Returning', '2026-04-09', '09:05:00', 'Locked'),
(330, 'Izuku Midoriya', 'M2024-22406', 'II-D', 'izuku@gmail.com', 'ITC-B', 'Returning', '2026-04-09', '09:07:00', 'Locked'),
(331, 'Katsuki Bakugo', 'M2024-00524', 'IV-D', 'katsuki@gmail.com', 'NCB5', 'Returning', '2026-04-09', '09:09:00', 'Locked'),
(332, 'Ochaco Uraraka', 'M2024-03062', 'III-D', 'ochaco@gmail.com', 'Smart Classroom', 'Returning', '2026-04-09', '09:11:00', 'Locked'),
(333, 'Eren Yeager', 'M2024-20084', 'II-D', 'eren@gmail.com', '210', 'Borrowing', '2026-04-10', '14:31:00', 'Open'),
(334, 'Mikasa Ackerman', 'M2024-16721', 'III-A', 'mikasa@gmail.com', '209', 'Borrowing', '2026-04-10', '14:33:00', 'Open'),
(335, 'Armin Arlert', 'M2024-88936', 'II-A', 'armin@gmail.com', '209', 'Borrowing', '2026-04-10', '14:35:00', 'Open'),
(336, 'Levi Ackerman', 'M2024-99595', 'III-C', 'levi@gmail.com', 'NCB5', 'Borrowing', '2026-04-10', '14:37:00', 'Open'),
(337, 'Tanjiro Kamado', 'M2024-76684', 'III-B', 'tanjiro@gmail.com', 'NCB2', 'Borrowing', '2026-04-10', '14:39:00', 'Open'),
(338, 'Nezuko Kamado', 'M2024-29400', 'III-E', 'nezuko@gmail.com', 'NCB1', 'Borrowing', '2026-04-10', '14:41:00', 'Open'),
(339, 'Eren Yeager', 'M2024-20084', 'II-D', 'eren@gmail.com', '210', 'Returning', '2026-04-10', '14:45:00', 'Locked'),
(340, 'Mikasa Ackerman', 'M2024-16721', 'III-A', 'mikasa@gmail.com', '209', 'Returning', '2026-04-10', '14:47:00', 'Locked'),
(341, 'Armin Arlert', 'M2024-88936', 'II-A', 'armin@gmail.com', '209', 'Returning', '2026-04-10', '14:49:00', 'Locked'),
(342, 'Levi Ackerman', 'M2024-99595', 'III-C', 'levi@gmail.com', 'NCB5', 'Returning', '2026-04-10', '14:51:00', 'Locked'),
(343, 'Tanjiro Kamado', 'M2024-76684', 'III-B', 'tanjiro@gmail.com', 'NCB2', 'Returning', '2026-04-10', '14:53:00', 'Locked'),
(344, 'Nezuko Kamado', 'M2024-29400', 'III-E', 'nezuko@gmail.com', 'NCB1', 'Returning', '2026-04-10', '14:55:00', 'Locked'),
(345, 'Zenitsu Agatsuma', 'M2024-17565', 'IV-C', 'zenitsu@gmail.com', 'Math Lab', 'Borrowing', '2026-04-13', '17:27:00', 'Open'),
(346, 'Inosuke Hashibira', 'M2024-17287', 'II-C', 'inosuke@gmail.com', '218', 'Borrowing', '2026-04-13', '17:29:00', 'Open'),
(347, 'Satoru Gojo', 'M2024-02264', 'IV-D', 'satoru@gmail.com', '207', 'Borrowing', '2026-04-13', '17:31:00', 'Open'),
(348, 'Yuji Itadori', 'M2024-74733', 'II-E', 'yuji@gmail.com', '218', 'Borrowing', '2026-04-13', '17:33:00', 'Open'),
(349, 'Megumi Fushiguro', 'M2024-27234', 'I-B', 'megumi@gmail.com', 'NCB6', 'Borrowing', '2026-04-13', '17:35:00', 'Open'),
(350, 'Zenitsu Agatsuma', 'M2024-17565', 'IV-C', 'zenitsu@gmail.com', 'Math Lab', 'Returning', '2026-04-13', '17:39:00', 'Locked'),
(351, 'Inosuke Hashibira', 'M2024-17287', 'II-C', 'inosuke@gmail.com', '218', 'Returning', '2026-04-13', '17:41:00', 'Locked'),
(352, 'Satoru Gojo', 'M2024-02264', 'IV-D', 'satoru@gmail.com', '207', 'Returning', '2026-04-13', '17:43:00', 'Locked'),
(353, 'Yuji Itadori', 'M2024-74733', 'II-E', 'yuji@gmail.com', '218', 'Returning', '2026-04-13', '17:45:00', 'Locked'),
(354, 'Megumi Fushiguro', 'M2024-27234', 'I-B', 'megumi@gmail.com', 'NCB6', 'Returning', '2026-04-13', '17:47:00', 'Locked'),
(355, 'Nobara Kugisaki', 'M2024-34832', 'I-E', 'nobara@gmail.com', '209', 'Borrowing', '2026-04-14', '10:53:00', 'Open'),
(356, 'Monkey Luffy', 'M2024-63934', 'IV-E', 'monkey@gmail.com', 'NCB4', 'Borrowing', '2026-04-14', '10:55:00', 'Open'),
(357, 'Roronoa Zoro', 'M2024-77092', 'III-E', 'roronoa@gmail.com', '207', 'Borrowing', '2026-04-14', '10:57:00', 'Open'),
(358, 'Nami Bellemere', 'M2024-86072', 'III-E', 'nami@gmail.com', 'Math Lab', 'Borrowing', '2026-04-14', '10:59:00', 'Open'),
(359, 'Sanji Vinsmoke', 'M2024-26989', 'I-B', 'sanji@gmail.com', '208', 'Borrowing', '2026-04-14', '11:01:00', 'Open'),
(360, 'Nobara Kugisaki', 'M2024-34832', 'I-E', 'nobara@gmail.com', '209', 'Returning', '2026-04-14', '11:05:00', 'Locked'),
(361, 'Monkey Luffy', 'M2024-63934', 'IV-E', 'monkey@gmail.com', 'NCB4', 'Returning', '2026-04-14', '11:07:00', 'Locked'),
(362, 'Roronoa Zoro', 'M2024-77092', 'III-E', 'roronoa@gmail.com', '207', 'Returning', '2026-04-14', '11:09:00', 'Locked'),
(363, 'Nami Bellemere', 'M2024-86072', 'III-E', 'nami@gmail.com', 'Math Lab', 'Returning', '2026-04-14', '11:11:00', 'Locked'),
(364, 'Sanji Vinsmoke', 'M2024-26989', 'I-B', 'sanji@gmail.com', '208', 'Returning', '2026-04-14', '11:13:00', 'Locked'),
(365, 'Usopp Yasopp', 'M2024-69354', 'I-C', 'usopp@gmail.com', 'GMD', 'Borrowing', '2026-04-15', '08:31:00', 'Open'),
(366, 'Tony Chopper', 'M2024-47272', 'I-B', 'tony@gmail.com', '209', 'Borrowing', '2026-04-15', '08:33:00', 'Open'),
(367, 'Nico Robin', 'M2024-82052', 'III-C', 'nico@gmail.com', 'Smart Classroom', 'Borrowing', '2026-04-15', '08:35:00', 'Open'),
(368, 'Portgas Ace', 'M2024-71638', 'III-B', 'portgas@gmail.com', '208', 'Borrowing', '2026-04-15', '08:37:00', 'Open'),
(369, 'Trafalgar Law', 'M2024-56266', 'II-A', 'trafalgar@gmail.com', '218', 'Borrowing', '2026-04-15', '08:39:00', 'Open'),
(370, 'Ichigo Kurosaki', 'M2024-11205', 'III-C', 'ichigo@gmail.com', 'GMD', 'Borrowing', '2026-04-15', '08:41:00', 'Open'),
(371, 'Usopp Yasopp', 'M2024-69354', 'I-C', 'usopp@gmail.com', 'GMD', 'Returning', '2026-04-15', '08:45:00', 'Locked'),
(372, 'Tony Chopper', 'M2024-47272', 'I-B', 'tony@gmail.com', '209', 'Returning', '2026-04-15', '08:47:00', 'Locked'),
(373, 'Nico Robin', 'M2024-82052', 'III-C', 'nico@gmail.com', 'Smart Classroom', 'Returning', '2026-04-15', '08:49:00', 'Locked'),
(374, 'Portgas Ace', 'M2024-71638', 'III-B', 'portgas@gmail.com', '208', 'Returning', '2026-04-15', '08:51:00', 'Locked'),
(375, 'Trafalgar Law', 'M2024-56266', 'II-A', 'trafalgar@gmail.com', '218', 'Returning', '2026-04-15', '08:53:00', 'Locked'),
(376, 'Ichigo Kurosaki', 'M2024-11205', 'III-C', 'ichigo@gmail.com', 'GMD', 'Returning', '2026-04-15', '08:55:00', 'Locked'),
(377, 'Rukia Kuchiki', 'M2024-99612', 'II-B', 'rukia@gmail.com', '210', 'Borrowing', '2026-04-16', '12:52:00', 'Open'),
(378, 'Orihime Inoue', 'M2024-96994', 'II-D', 'orihime@gmail.com', 'NCB2', 'Borrowing', '2026-04-16', '12:54:00', 'Open'),
(379, 'Uryu Ishida', 'M2024-06562', 'IV-B', 'uryu@gmail.com', 'GMD', 'Borrowing', '2026-04-16', '12:56:00', 'Open'),
(380, 'Light Yagami', 'M2024-09476', 'I-D', 'light@gmail.com', '207', 'Borrowing', '2026-04-16', '12:58:00', 'Open'),
(381, 'L Lawliet', 'M2024-57939', 'III-E', 'l@gmail.com', '207', 'Borrowing', '2026-04-16', '13:00:00', 'Open'),
(382, 'Misa Amane', 'M2024-46563', 'II-C', 'misa@gmail.com', '218', 'Borrowing', '2026-04-16', '13:02:00', 'Open'),
(383, 'Rukia Kuchiki', 'M2024-99612', 'II-B', 'rukia@gmail.com', '210', 'Returning', '2026-04-16', '13:06:00', 'Locked'),
(384, 'Orihime Inoue', 'M2024-96994', 'II-D', 'orihime@gmail.com', 'NCB2', 'Returning', '2026-04-16', '13:08:00', 'Locked'),
(385, 'Uryu Ishida', 'M2024-06562', 'IV-B', 'uryu@gmail.com', 'GMD', 'Returning', '2026-04-16', '13:10:00', 'Locked'),
(386, 'Light Yagami', 'M2024-09476', 'I-D', 'light@gmail.com', '207', 'Returning', '2026-04-16', '13:12:00', 'Locked'),
(387, 'L Lawliet', 'M2024-57939', 'III-E', 'l@gmail.com', '207', 'Returning', '2026-04-16', '13:14:00', 'Locked'),
(388, 'Misa Amane', 'M2024-46563', 'II-C', 'misa@gmail.com', '218', 'Returning', '2026-04-16', '13:16:00', 'Locked'),
(389, 'Killua Zoldyck', 'M2024-52045', 'IV-D', 'killua@gmail.com', 'NCB2', 'Borrowing', '2026-04-17', '09:38:00', 'Open'),
(390, 'Gon Freecss', 'M2024-47690', 'III-B', 'gon@gmail.com', 'ITC-B', 'Borrowing', '2026-04-17', '09:40:00', 'Open'),
(391, 'Kurapika Kurta', 'M2024-00678', 'II-B', 'kurapika@gmail.com', '207', 'Borrowing', '2026-04-17', '09:42:00', 'Open'),
(392, 'Kenshin Himura', 'M2024-17131', 'I-B', 'kenshin@gmail.com', '207', 'Borrowing', '2026-04-17', '09:44:00', 'Open'),
(393, 'Shinji Ikari', 'M2024-88484', 'IV-C', 'shinji@gmail.com', 'NCB4', 'Borrowing', '2026-04-17', '09:46:00', 'Open'),
(394, 'Asuka Langley', 'M2024-44665', 'I-B', 'asuka@gmail.com', '208', 'Borrowing', '2026-04-17', '09:48:00', 'Open'),
(395, 'Killua Zoldyck', 'M2024-52045', 'IV-D', 'killua@gmail.com', 'NCB2', 'Returning', '2026-04-17', '09:52:00', 'Locked'),
(396, 'Gon Freecss', 'M2024-47690', 'III-B', 'gon@gmail.com', 'ITC-B', 'Returning', '2026-04-17', '09:54:00', 'Locked'),
(397, 'Kurapika Kurta', 'M2024-00678', 'II-B', 'kurapika@gmail.com', '207', 'Returning', '2026-04-17', '09:56:00', 'Locked'),
(398, 'Kenshin Himura', 'M2024-17131', 'I-B', 'kenshin@gmail.com', '207', 'Returning', '2026-04-17', '09:58:00', 'Locked'),
(399, 'Shinji Ikari', 'M2024-88484', 'IV-C', 'shinji@gmail.com', 'NCB4', 'Returning', '2026-04-17', '10:00:00', 'Locked'),
(400, 'Asuka Langley', 'M2024-44665', 'I-B', 'asuka@gmail.com', '208', 'Returning', '2026-04-17', '10:02:00', 'Locked'),
(401, 'Rei Ayanami', 'M2024-47252', 'III-A', 'rei@gmail.com', 'Math Lab', 'Borrowing', '2026-04-20', '10:17:00', 'Open'),
(402, 'Edward Elric', 'M2024-51435', 'III-C', 'edward@gmail.com', 'NCB3', 'Borrowing', '2026-04-20', '10:19:00', 'Open');
INSERT INTO `tblborrowerlog` (`UID`, `FullName`, `StudentNo`, `Block`, `Email`, `RoomID`, `Purpose`, `Date`, `Time`, `DoorStatus`) VALUES
(403, 'Alphonse Elric', 'M2024-39368', 'I-B', 'alphonse@gmail.com', 'NCB6', 'Borrowing', '2026-04-20', '10:21:00', 'Open'),
(404, 'Roy Mustang', 'M2024-06939', 'III-A', 'roy@gmail.com', '210', 'Borrowing', '2026-04-20', '10:23:00', 'Open'),
(405, 'Winry Rockbell', 'M2024-35338', 'II-A', 'winry@gmail.com', 'NCB5', 'Borrowing', '2026-04-20', '10:25:00', 'Open'),
(406, 'Violet Evergarden', 'M2024-00454', 'III-A', 'violet@gmail.com', 'NCB3', 'Borrowing', '2026-04-20', '10:27:00', 'Open'),
(407, 'Rei Ayanami', 'M2024-47252', 'III-A', 'rei@gmail.com', 'Math Lab', 'Returning', '2026-04-20', '10:31:00', 'Locked'),
(408, 'Edward Elric', 'M2024-51435', 'III-C', 'edward@gmail.com', 'NCB3', 'Returning', '2026-04-20', '10:33:00', 'Locked'),
(409, 'Alphonse Elric', 'M2024-39368', 'I-B', 'alphonse@gmail.com', 'NCB6', 'Returning', '2026-04-20', '10:35:00', 'Locked'),
(410, 'Roy Mustang', 'M2024-06939', 'III-A', 'roy@gmail.com', '210', 'Returning', '2026-04-20', '10:37:00', 'Locked'),
(411, 'Winry Rockbell', 'M2024-35338', 'II-A', 'winry@gmail.com', 'NCB5', 'Returning', '2026-04-20', '10:39:00', 'Locked'),
(412, 'Violet Evergarden', 'M2024-00454', 'III-A', 'violet@gmail.com', 'NCB3', 'Returning', '2026-04-20', '10:41:00', 'Locked'),
(413, 'Anya Forger', 'M2024-96706', 'IV-A', 'anya@gmail.com', 'NCB3', 'Borrowing', '2026-04-21', '10:44:00', 'Open'),
(414, 'Loid Forger', 'M2024-14972', 'I-B', 'loid@gmail.com', 'NCB3', 'Borrowing', '2026-04-21', '10:46:00', 'Open'),
(415, 'Yor Forger', 'M2024-09880', 'I-B', 'yor@gmail.com', 'NCB6', 'Borrowing', '2026-04-21', '10:48:00', 'Open'),
(416, 'Kaguya Shinomiya', 'M2024-43128', 'I-A', 'kaguya@gmail.com', 'AVR', 'Borrowing', '2026-04-21', '10:50:00', 'Open'),
(417, 'Miyuki Shirogane', 'M2024-45085', 'I-D', 'miyuki@gmail.com', 'Smart Classroom', 'Borrowing', '2026-04-21', '10:52:00', 'Open'),
(418, 'Anya Forger', 'M2024-96706', 'IV-A', 'anya@gmail.com', 'NCB3', 'Returning', '2026-04-21', '10:56:00', 'Locked'),
(419, 'Loid Forger', 'M2024-14972', 'I-B', 'loid@gmail.com', 'NCB3', 'Returning', '2026-04-21', '10:58:00', 'Locked'),
(420, 'Yor Forger', 'M2024-09880', 'I-B', 'yor@gmail.com', 'NCB6', 'Returning', '2026-04-21', '11:00:00', 'Locked'),
(421, 'Kaguya Shinomiya', 'M2024-43128', 'I-A', 'kaguya@gmail.com', 'AVR', 'Returning', '2026-04-21', '11:02:00', 'Locked'),
(422, 'Miyuki Shirogane', 'M2024-45085', 'I-D', 'miyuki@gmail.com', 'Smart Classroom', 'Returning', '2026-04-21', '11:04:00', 'Locked'),
(423, 'Taiga Aisaka', 'M2024-76899', 'II-C', 'taiga@gmail.com', '208', 'Borrowing', '2026-04-22', '07:05:00', 'Open'),
(424, 'Rowena Jhen T Albis', 'M2024-79648', 'II-D', 'rowena@gmail.com', 'NCB6', 'Borrowing', '2026-04-22', '07:07:00', 'Open'),
(425, 'Carl V Alvarez', 'M2024-24663', 'III-E', 'carl@gmail.com', 'ITC-B', 'Borrowing', '2026-04-22', '07:09:00', 'Open'),
(426, 'John Karl M Anore', 'M2024-24934', 'II-E', 'john@gmail.com', 'AVR', 'Borrowing', '2026-04-22', '07:11:00', 'Open'),
(427, 'Jeanne Pauline O Arada', 'M2024-70532', 'I-A', 'jeanne@gmail.com', '218', 'Borrowing', '2026-04-22', '07:13:00', 'Open'),
(428, 'John Wayne Andrei P Asi', 'M2024-24091', 'II-E', 'john@gmail.com', '210', 'Borrowing', '2026-04-22', '07:15:00', 'Open'),
(429, 'Taiga Aisaka', 'M2024-76899', 'II-C', 'taiga@gmail.com', '208', 'Returning', '2026-04-22', '07:19:00', 'Locked'),
(430, 'Rowena Jhen T Albis', 'M2024-79648', 'II-D', 'rowena@gmail.com', 'NCB6', 'Returning', '2026-04-22', '07:21:00', 'Locked'),
(431, 'Carl V Alvarez', 'M2024-24663', 'III-E', 'carl@gmail.com', 'ITC-B', 'Returning', '2026-04-22', '07:23:00', 'Locked'),
(432, 'John Karl M Anore', 'M2024-24934', 'II-E', 'john@gmail.com', 'AVR', 'Returning', '2026-04-22', '07:25:00', 'Locked'),
(433, 'Jeanne Pauline O Arada', 'M2024-70532', 'I-A', 'jeanne@gmail.com', '218', 'Returning', '2026-04-22', '07:27:00', 'Locked'),
(434, 'John Wayne Andrei P Asi', 'M2024-24091', 'II-E', 'john@gmail.com', '210', 'Returning', '2026-04-22', '07:29:00', 'Locked'),
(435, 'Peter Paul S Basallote', 'M2024-67565', 'III-D', 'peter@gmail.com', '209', 'Borrowing', '2026-04-23', '16:39:00', 'Open'),
(436, 'Juztine Coltrane V Bernardo', 'M2024-54602', 'III-E', 'juztine@gmail.com', '209', 'Borrowing', '2026-04-23', '16:41:00', 'Open'),
(437, 'Ram Laurenz Dc Buban', 'M2024-43598', 'IV-B', 'ram@gmail.com', '210', 'Borrowing', '2026-04-23', '16:43:00', 'Open'),
(438, 'Domm Simri R Buenviaje', 'M2024-55166', 'III-C', 'domm@gmail.com', 'NCB1', 'Borrowing', '2026-04-23', '16:45:00', 'Open'),
(439, 'Delmar M Buhawe', 'M2024-99571', 'III-C', 'delmar@gmail.com', 'Math Lab', 'Borrowing', '2026-04-23', '16:47:00', 'Open'),
(440, 'Peter Paul S Basallote', 'M2024-67565', 'III-D', 'peter@gmail.com', '209', 'Returning', '2026-04-23', '16:51:00', 'Locked'),
(441, 'Juztine Coltrane V Bernardo', 'M2024-54602', 'III-E', 'juztine@gmail.com', '209', 'Returning', '2026-04-23', '16:53:00', 'Locked'),
(442, 'Ram Laurenz Dc Buban', 'M2024-43598', 'IV-B', 'ram@gmail.com', '210', 'Returning', '2026-04-23', '16:55:00', 'Locked'),
(443, 'Domm Simri R Buenviaje', 'M2024-55166', 'III-C', 'domm@gmail.com', 'NCB1', 'Returning', '2026-04-23', '16:57:00', 'Locked'),
(444, 'Delmar M Buhawe', 'M2024-99571', 'III-C', 'delmar@gmail.com', 'Math Lab', 'Returning', '2026-04-23', '16:59:00', 'Locked'),
(445, 'Nash Gabriel C Calderon', 'M2024-29229', 'I-E', 'nash@gmail.com', 'NCB4', 'Borrowing', '2026-04-24', '16:09:00', 'Open'),
(446, 'Prince Charles B Calingog', 'M2024-42757', 'II-C', 'prince@gmail.com', 'NCB3', 'Borrowing', '2026-04-24', '16:11:00', 'Open'),
(447, 'Mizpah Kryzel U Catalino', 'M2024-68488', 'IV-C', 'mizpah@gmail.com', 'AVR', 'Borrowing', '2026-04-24', '16:13:00', 'Open'),
(448, 'Zaira Mae G Catanan', 'M2024-56613', 'II-D', 'zaira@gmail.com', '208', 'Borrowing', '2026-04-24', '16:15:00', 'Open'),
(449, 'Darrel Christian N Ceñir', 'M2024-14176', 'I-C', 'darrel@gmail.com', 'Math Lab', 'Borrowing', '2026-04-24', '16:17:00', 'Open'),
(450, 'Francis Wilbert B Cruz', 'M2024-08258', 'III-A', 'francis@gmail.com', 'Math Lab', 'Borrowing', '2026-04-24', '16:19:00', 'Open'),
(451, 'Nash Gabriel C Calderon', 'M2024-29229', 'I-E', 'nash@gmail.com', 'NCB4', 'Returning', '2026-04-24', '16:23:00', 'Locked'),
(452, 'Prince Charles B Calingog', 'M2024-42757', 'II-C', 'prince@gmail.com', 'NCB3', 'Returning', '2026-04-24', '16:25:00', 'Locked'),
(453, 'Mizpah Kryzel U Catalino', 'M2024-68488', 'IV-C', 'mizpah@gmail.com', 'AVR', 'Returning', '2026-04-24', '16:27:00', 'Locked'),
(454, 'Zaira Mae G Catanan', 'M2024-56613', 'II-D', 'zaira@gmail.com', '208', 'Returning', '2026-04-24', '16:29:00', 'Locked'),
(455, 'Darrel Christian N Ceñir', 'M2024-14176', 'I-C', 'darrel@gmail.com', 'Math Lab', 'Returning', '2026-04-24', '16:31:00', 'Locked'),
(456, 'Francis Wilbert B Cruz', 'M2024-08258', 'III-A', 'francis@gmail.com', 'Math Lab', 'Returning', '2026-04-24', '16:33:00', 'Locked'),
(457, 'Crystalyn Joy S Cuaderno', 'M2024-03244', 'III-A', 'crystalyn@gmail.com', 'Smart Classroom', 'Borrowing', '2026-04-27', '10:08:00', 'Open'),
(458, 'Kc A De Leon', 'M2024-48692', 'III-C', 'kc@gmail.com', '218', 'Borrowing', '2026-04-27', '10:10:00', 'Open'),
(459, 'Mharx A De Luna', 'M2024-20624', 'IV-A', 'mharx@gmail.com', '208', 'Borrowing', '2026-04-27', '10:12:00', 'Open'),
(460, 'Billy Jr T De Ocampo', 'M2024-42115', 'IV-E', 'billy@gmail.com', 'NCB4', 'Borrowing', '2026-04-27', '10:14:00', 'Open'),
(461, 'Jewel T De Ungria', 'M2024-38623', 'IV-E', 'jewel@gmail.com', 'AVR', 'Borrowing', '2026-04-27', '10:16:00', 'Open'),
(462, 'Vien Francois I Dela Cruz', 'M2024-94954', 'IV-D', 'vien@gmail.com', 'GMD', 'Borrowing', '2026-04-27', '10:18:00', 'Open'),
(463, 'Crystalyn Joy S Cuaderno', 'M2024-03244', 'III-A', 'crystalyn@gmail.com', 'Smart Classroom', 'Returning', '2026-04-27', '10:22:00', 'Locked'),
(464, 'Kc A De Leon', 'M2024-48692', 'III-C', 'kc@gmail.com', '218', 'Returning', '2026-04-27', '10:24:00', 'Locked'),
(465, 'Mharx A De Luna', 'M2024-20624', 'IV-A', 'mharx@gmail.com', '208', 'Returning', '2026-04-27', '10:26:00', 'Locked'),
(466, 'Billy Jr T De Ocampo', 'M2024-42115', 'IV-E', 'billy@gmail.com', 'NCB4', 'Returning', '2026-04-27', '10:28:00', 'Locked'),
(467, 'Jewel T De Ungria', 'M2024-38623', 'IV-E', 'jewel@gmail.com', 'AVR', 'Returning', '2026-04-27', '10:30:00', 'Locked'),
(468, 'Vien Francois I Dela Cruz', 'M2024-94954', 'IV-D', 'vien@gmail.com', 'GMD', 'Returning', '2026-04-27', '10:32:00', 'Locked'),
(469, 'Ronald Jr B Domagco', 'M2024-59712', 'I-B', 'ronald@gmail.com', 'NCB4', 'Borrowing', '2026-04-28', '10:55:00', 'Open'),
(470, 'James Benidict P Dominguez', 'M2024-96299', 'I-D', 'james@gmail.com', 'NCB5', 'Borrowing', '2026-04-28', '10:57:00', 'Open'),
(471, 'Joshua M Elago', 'M2024-68255', 'IV-B', 'joshua@gmail.com', 'AVR', 'Borrowing', '2026-04-28', '10:59:00', 'Open'),
(472, 'Alexelle G Encinares', 'M2024-50850', 'III-E', 'alexelle@gmail.com', 'NCB6', 'Borrowing', '2026-04-28', '11:01:00', 'Open'),
(473, 'Romulo Jr Erroba', 'M2024-38197', 'II-A', 'romulo@gmail.com', '218', 'Borrowing', '2026-04-28', '11:03:00', 'Open'),
(474, 'Evol S Esmade', 'M2024-91281', 'III-B', 'evol@gmail.com', '209', 'Borrowing', '2026-04-28', '11:05:00', 'Open'),
(475, 'Ronald Jr B Domagco', 'M2024-59712', 'I-B', 'ronald@gmail.com', 'NCB4', 'Returning', '2026-04-28', '11:09:00', 'Locked'),
(476, 'James Benidict P Dominguez', 'M2024-96299', 'I-D', 'james@gmail.com', 'NCB5', 'Returning', '2026-04-28', '11:11:00', 'Locked'),
(477, 'Joshua M Elago', 'M2024-68255', 'IV-B', 'joshua@gmail.com', 'AVR', 'Returning', '2026-04-28', '11:13:00', 'Locked'),
(478, 'Alexelle G Encinares', 'M2024-50850', 'III-E', 'alexelle@gmail.com', 'NCB6', 'Returning', '2026-04-28', '11:15:00', 'Locked'),
(479, 'Romulo Jr Erroba', 'M2024-38197', 'II-A', 'romulo@gmail.com', '218', 'Returning', '2026-04-28', '11:17:00', 'Locked'),
(480, 'Evol S Esmade', 'M2024-91281', 'III-B', 'evol@gmail.com', '209', 'Returning', '2026-04-28', '11:19:00', 'Locked'),
(481, 'Gian Basty O Garcia', 'M2024-57358', 'I-C', 'gian@gmail.com', 'Math Lab', 'Borrowing', '2026-04-29', '17:15:00', 'Open'),
(482, 'Joseph C Gobres', 'M2024-24257', 'IV-D', 'joseph@gmail.com', '210', 'Borrowing', '2026-04-29', '17:17:00', 'Open'),
(483, 'Paul Justine S Jamero', 'M2024-97904', 'III-B', 'paul@gmail.com', '209', 'Borrowing', '2026-04-29', '17:19:00', 'Open'),
(484, 'Jush M Laman', 'M2024-45173', 'II-A', 'jush@gmail.com', '207', 'Borrowing', '2026-04-29', '17:21:00', 'Open'),
(485, 'Brent Jared B Lituañas', 'M2024-91923', 'II-C', 'brent@gmail.com', 'GMD', 'Borrowing', '2026-04-29', '17:23:00', 'Open'),
(486, 'Gian Basty O Garcia', 'M2024-57358', 'I-C', 'gian@gmail.com', 'Math Lab', 'Returning', '2026-04-29', '17:27:00', 'Locked'),
(487, 'Joseph C Gobres', 'M2024-24257', 'IV-D', 'joseph@gmail.com', '210', 'Returning', '2026-04-29', '17:29:00', 'Locked'),
(488, 'Paul Justine S Jamero', 'M2024-97904', 'III-B', 'paul@gmail.com', '209', 'Returning', '2026-04-29', '17:31:00', 'Locked'),
(489, 'Jush M Laman', 'M2024-45173', 'II-A', 'jush@gmail.com', '207', 'Returning', '2026-04-29', '17:33:00', 'Locked'),
(490, 'Brent Jared B Lituañas', 'M2024-91923', 'II-C', 'brent@gmail.com', 'GMD', 'Returning', '2026-04-29', '17:35:00', 'Locked'),
(491, 'Christian Carl V Lituañas', 'M2024-58657', 'III-A', 'christian@gmail.com', 'ITC-B', 'Borrowing', '2026-04-30', '12:41:00', 'Open'),
(492, 'Ma Clarisse I Lumbang', 'M2024-72941', 'I-E', 'ma@gmail.com', 'NCB6', 'Borrowing', '2026-04-30', '12:43:00', 'Open'),
(493, 'Ryza Mae B Marino', 'M2024-17478', 'IV-D', 'ryza@gmail.com', 'Smart Classroom', 'Borrowing', '2026-04-30', '12:45:00', 'Open'),
(494, 'Steven P Matamis', 'M2024-83317', 'II-E', 'steven@gmail.com', 'ITC-B', 'Borrowing', '2026-04-30', '12:47:00', 'Open'),
(495, 'Paul Andrei G Mendiola', 'M2024-10599', 'II-A', 'paul@gmail.com', 'AVR', 'Borrowing', '2026-04-30', '12:49:00', 'Open'),
(496, 'Christian Carl V Lituañas', 'M2024-58657', 'III-A', 'christian@gmail.com', 'ITC-B', 'Returning', '2026-04-30', '12:53:00', 'Locked'),
(497, 'Ma Clarisse I Lumbang', 'M2024-72941', 'I-E', 'ma@gmail.com', 'NCB6', 'Returning', '2026-04-30', '12:55:00', 'Locked'),
(498, 'Ryza Mae B Marino', 'M2024-17478', 'IV-D', 'ryza@gmail.com', 'Smart Classroom', 'Returning', '2026-04-30', '12:57:00', 'Locked'),
(499, 'Steven P Matamis', 'M2024-83317', 'II-E', 'steven@gmail.com', 'ITC-B', 'Returning', '2026-04-30', '12:59:00', 'Locked'),
(500, 'Paul Andrei G Mendiola', 'M2024-10599', 'II-A', 'paul@gmail.com', 'AVR', 'Returning', '2026-04-30', '13:01:00', 'Locked'),
(501, 'Darrel Cenir', 'M2024-0123', 'II-E', 'darrel@gmail.com', 'AVR', 'Borrowing', '2026-04-27', '16:35:00', 'Locked'),
(503, 'Darrel Cenir', 'M2024-0123', 'II-E', 'darrel@gmail.com', 'AVR', 'Returning', '2026-04-27', '18:40:00', 'Locked'),
(504, 'Alexelle Encinares', 'M2024-1020', 'II-E', 'alexelle@gmail.com', '208', 'Borrowing', '2026-04-27', '23:16:00', 'Locked'),
(505, 'Alexelle Encinares', 'M2024-1020', 'II-E', 'alexelle@gmail.com', '208', 'Returning', '2026-04-27', '23:20:00', 'Locked'),
(507, 'Alexelle Encinares', 'M2024-1020', 'II-E', 'alexelle@gmail.com', '207', 'Borrowing', '2026-04-27', '23:24:00', 'Open'),
(508, 'Jeanne Pauline Arada', 'M2024-01080', 'II-E', 'jeanne@gmail.com', '207', 'Returning', '2026-04-27', '23:25:00', 'Locked'),
(510, 'Alexelle Encinares', 'M2024-1234', 'II-E', 'alexelle@gmail.com', 'AVR', 'Borrowing', '2026-04-27', '00:03:00', 'Open'),
(511, 'Jeanne Pauline Arada', 'M2024-01080', 'II-E', 'jeanne@gmail.com', 'AVR', 'Returning', '2026-04-27', '00:04:00', 'Locked');

-- --------------------------------------------------------

--
-- Table structure for table `tblrooms`
--

CREATE TABLE `tblrooms` (
  `RoomID` varchar(45) NOT NULL,
  `Building` varchar(45) NOT NULL,
  `RoomType` varchar(45) NOT NULL
) ENGINE=InnoDB DEFAULT CHARSET=utf8mb4 COLLATE=utf8mb4_general_ci;

--
-- Dumping data for table `tblrooms`
--

INSERT INTO `tblrooms` (`RoomID`, `Building`, `RoomType`) VALUES
('207', 'COE', 'Non-Airconditioned'),
('208', 'COE', 'Non-Airconditioned'),
('209', 'COE', 'Non-Airconditioned'),
('210', 'COE', 'Non-Airconditioned'),
('218', 'COE', 'Non-Airconditioned'),
('AVR', 'COS', 'Airconditioned'),
('GMD', 'COE', 'Airconditioned'),
('ITC-B', 'COE', 'Airconditioned'),
('Math Lab', 'COS', 'Non-Airconditioned'),
('NCB1', 'COS', 'Non-Airconditioned'),
('NCB2', 'COS', 'Non-Airconditioned'),
('NCB3', 'COS', 'Non-Airconditioned'),
('NCB4', 'COS', 'Non-Airconditioned'),
('NCB5', 'COS', 'Non-Airconditioned'),
('NCB6', 'COS', 'Non-Airconditioned'),
('Smart Classroom', 'COS', 'Airconditioned');

--
-- Indexes for dumped tables
--

--
-- Indexes for table `tbladmin`
--
ALTER TABLE `tbladmin`
  ADD PRIMARY KEY (`AdminID`);

--
-- Indexes for table `tblborrowerlog`
--
ALTER TABLE `tblborrowerlog`
  ADD PRIMARY KEY (`UID`),
  ADD KEY `RoomID` (`RoomID`);

--
-- Indexes for table `tblrooms`
--
ALTER TABLE `tblrooms`
  ADD PRIMARY KEY (`RoomID`);

--
-- AUTO_INCREMENT for dumped tables
--

--
-- AUTO_INCREMENT for table `tblborrowerlog`
--
ALTER TABLE `tblborrowerlog`
  MODIFY `UID` int(11) NOT NULL AUTO_INCREMENT, AUTO_INCREMENT=512;

--
-- Constraints for dumped tables
--

--
-- Constraints for table `tblborrowerlog`
--
ALTER TABLE `tblborrowerlog`
  ADD CONSTRAINT `tblborrowerlog_ibfk_1` FOREIGN KEY (`RoomID`) REFERENCES `tblrooms` (`RoomID`);
COMMIT;

/*!40101 SET CHARACTER_SET_CLIENT=@OLD_CHARACTER_SET_CLIENT */;
/*!40101 SET CHARACTER_SET_RESULTS=@OLD_CHARACTER_SET_RESULTS */;
/*!40101 SET COLLATION_CONNECTION=@OLD_COLLATION_CONNECTION */;
